code,url
9104,/E04236/dividend
9101,/E04235/dividend
9308,/E04288/dividend
9110,/E04239/dividend
1518,/E00037/dividend
9107,/E04237/dividend
1820,/E00060/dividend
2914,/E00492/dividend
1662,/E00041/dividend
4595,/E31946/dividend
5334,/E01136/dividend
5208,/E01152/dividend
5009,/E01076/dividend
5192,/E01098/dividend
7744,/E02322/dividend
6502,/E01738/dividend
1822,/E00095/dividend
3948,/E00708/dividend
8595,/E04806/dividend
7239,/E02210/dividend
2986,/E35631/dividend
1833,/E00083/dividend
7638,/E03333/dividend
3245,/E04072/dividend
8076,/E02561/dividend
3284,/E27281/dividend
6035,/E31054/dividend
7236,/E02155/dividend
7847,/E02464/dividend
8996,/E04048/dividend
9268,/E33616/dividend
5444,/E01259/dividend
1852,/E00120/dividend
7494,/E03259/dividend
6156,/E02343/dividend
8737,/E03733/dividend
3242,/E04069/dividend
9119,/E04243/dividend
6651,/E01759/dividend
8304,/E03531/dividend
5985,/E01402/dividend
9434,/E04426/dividend
3465,/E31979/dividend
9282,/G12276/dividend
7762,/E02281/dividend
8093,/E02503/dividend
7088,/E35487/dividend
6461,/E01597/dividend
9837,/E02703/dividend
7433,/E02802/dividend
4249,/E33603/dividend
8893,/E03994/dividend
2999,/E35234/dividend
4705,/E05011/dividend
8999,/E04044/dividend
6918,/E01993/dividend
1847,/E00117/dividend
5988,/E01438/dividend
1419,/E27305/dividend
9381,/E04369/dividend
7480,/E02838/dividend
5901,/E01353/dividend
1720,/E00316/dividend
7278,/E02203/dividend
7879,/E00636/dividend
6393,/E01612/dividend
2892,/E00442/dividend
9147,/E36706/dividend
7198,/E33625/dividend
8869,/E03967/dividend
8075,/E02522/dividend
6291,/E02421/dividend
7414,/E01324/dividend
8150,/E02671/dividend
6210,/E01528/dividend
1451,/E34679/dividend
1808,/E00090/dividend
7284,/E02387/dividend
3447,/E33834/dividend
5703,/E26707/dividend
4031,/E00789/dividend
5237,/E01166/dividend
5105,/E01090/dividend
5742,/E01331/dividend
7148,/E24651/dividend
9445,/E04476/dividend
9880,/E02724/dividend
8897,/E03997/dividend
1911,/E00011/dividend
8887,/E03989/dividend
6804,/E01815/dividend
3109,/E00530/dividend
6462,/E01598/dividend
3294,/E30124/dividend
5015,/E02800/dividend
1814,/E00093/dividend
6358,/E01610/dividend
2676,/E02927/dividend
9362,/E04342/dividend
6809,/E01831/dividend
3228,/E04059/dividend
8713,/E23187/dividend
4845,/E05187/dividend
4246,/E30438/dividend
9303,/E04285/dividend
6870,/E02020/dividend
6369,/E01572/dividend
2768,/E02958/dividend
1939,/E00181/dividend
4208,/E01002/dividend
2737,/E02946/dividend
4410,/E01020/dividend
7905,/E00619/dividend
5391,/E01163/dividend
5185,/E01113/dividend
7523,/E03276/dividend
7525,/E02856/dividend
4932,/E35568/dividend
8903,/E04001/dividend
9761,/E04800/dividend
5214,/E01190/dividend
8020,/E02506/dividend
4078,/E00780/dividend
4042,/E00767/dividend
1941,/E00073/dividend
4005,/E00752/dividend
9302,/E04284/dividend
4634,/E00903/dividend
4064,/E00777/dividend
5408,/E01229/dividend
4767,/E05100/dividend
3467,/E32158/dividend
1430,/E31306/dividend
4972,/E01055/dividend
5702,/E01318/dividend
8053,/E02528/dividend
1861,/E00056/dividend
6292,/E01694/dividend
8005,/E03054/dividend
7338,/E35822/dividend
7287,/E02214/dividend
5697,/E01296/dividend
7812,/E31622/dividend
5351,/E01146/dividend
5079,/E37468/dividend
8140,/E02663/dividend
4008,/E00755/dividend
5410,/E01235/dividend
8881,/E03984/dividend
9904,/E03181/dividend
6384,/E01719/dividend
1960,/E00173/dividend
7488,/E02843/dividend
9640,/E04889/dividend
4119,/E00899/dividend
7940,/E33050/dividend
7618,/E03323/dividend
1929,/E00142/dividend
6333,/E01761/dividend
8892,/E03992/dividend
8349,/E03544/dividend
7949,/E02408/dividend
4619,/E00900/dividend
7291,/E02216/dividend
3023,/E02547/dividend
3321,/E02968/dividend
3457,/E31284/dividend
8931,/E04029/dividend
4423,/E34545/dividend
7246,/E02154/dividend
8904,/E00311/dividend
8835,/E00034/dividend
4745,/E05067/dividend
8065,/E02535/dividend
8091,/E00570/dividend
1805,/E00063/dividend
7729,/E02289/dividend
8935,/E04032/dividend
8007,/E02501/dividend
6941,/E01979/dividend
6306,/E01372/dividend
1870,/E00148/dividend
1871,/E01161/dividend
1887,/E00059/dividend
7957,/E02402/dividend
7467,/E02828/dividend
7593,/E02889/dividend
2485,/E05585/dividend
6694,/E33025/dividend
8154,/E02676/dividend
4968,/E01048/dividend
1723,/E00313/dividend
8542,/E03678/dividend
6998,/E01907/dividend
3276,/E25870/dividend
6247,/E01643/dividend
5184,/E01114/dividend
5280,/E01202/dividend
8871,/E03971/dividend
4248,/E31037/dividend
8725,/E03854/dividend
5659,/E01280/dividend
6463,/E01599/dividend
1853,/E00130/dividend
6237,/E32189/dividend
3131,/E23741/dividend
8593,/E04788/dividend
8002,/E02498/dividend
8008,/E02621/dividend
8101,/E02549/dividend
6186,/E31997/dividend
6250,/E21258/dividend
9466,/E32198/dividend
9446,/E05181/dividend
3151,/E22440/dividend
8098,/E02517/dividend
3597,/E00607/dividend
5020,/E24050/dividend
8068,/E02685/dividend
7377,/E36539/dividend
7202,/E02143/dividend
3293,/E30066/dividend
7122,/E02138/dividend
3486,/E33579/dividend
1719,/E00317/dividend
7539,/E02865/dividend
7950,/E02407/dividend
1961,/E00107/dividend
3952,/E00681/dividend
5302,/E01140/dividend
6382,/E01627/dividend
2335,/E05312/dividend
9763,/E04777/dividend
3156,/E23245/dividend
6623,/E01748/dividend
3738,/E05392/dividend
6643,/E01747/dividend
5121,/E01094/dividend
5368,/E35497/dividend
2461,/E05533/dividend
3513,/E00572/dividend
7865,/E02882/dividend
7463,/E02826/dividend
6523,/E36976/dividend
6178,/E31748/dividend
6648,/E01754/dividend
5915,/E01362/dividend
6493,/E02189/dividend
1980,/E00194/dividend
8584,/E04768/dividend
2763,/E03405/dividend
4116,/E00902/dividend
7822,/E00631/dividend
7229,/E02236/dividend
8630,/E23924/dividend
5480,/E01242/dividend
7877,/E02441/dividend
3548,/E32697/dividend
7673,/E34644/dividend
6539,/E32801/dividend
4221,/E00834/dividend
3475,/E30726/dividend
5201,/E01122/dividend
1972,/E00109/dividend
8141,/E02664/dividend
7417,/E02792/dividend
5632,/E01233/dividend
2993,/E37141/dividend
2393,/E05381/dividend
6789,/E02054/dividend
4234,/E01052/dividend
1787,/E00260/dividend
8560,/E03669/dividend
1892,/E00079/dividend
8898,/E05238/dividend
4544,/E00967/dividend
9872,/E02722/dividend
6486,/E01414/dividend
6742,/E01770/dividend
1815,/E00065/dividend
5976,/E01400/dividend
6307,/E01704/dividend
5464,/E01315/dividend
1951,/E00094/dividend
3248,/E04077/dividend
9639,/E04890/dividend
9698,/E04849/dividend
6379,/E01577/dividend
1807,/E00167/dividend
4041,/E00766/dividend
6797,/E02055/dividend
5857,/E21187/dividend
5331,/E01139/dividend
4220,/E00838/dividend
7775,/E22509/dividend
4093,/E00787/dividend
5461,/E01251/dividend
3244,/E04074/dividend
6345,/E01657/dividend
3449,/E35294/dividend
2121,/E05617/dividend
5356,/E01180/dividend
9034,/E04223/dividend
8133,/E02643/dividend
7944,/E01834/dividend
7464,/E03251/dividend
7995,/E01164/dividend
8095,/E02585/dividend
3241,/E04068/dividend
9769,/E04796/dividend
2715,/E02941/dividend
5195,/E01092/dividend
6482,/E01710/dividend
4182,/E00815/dividend
2499,/E05631/dividend
6919,/E01992/dividend
5660,/E01282/dividend
7182,/E31775/dividend
3374,/E02986/dividend
4714,/E05024/dividend
7030,/E34053/dividend
7322,/E33693/dividend
7420,/E02793/dividend
1930,/E00207/dividend
8014,/E02509/dividend
4367,/E00837/dividend
6757,/E02065/dividend
5471,/E01239/dividend
7537,/E02864/dividend
5602,/E01268/dividend
5983,/E01439/dividend
6357,/E01632/dividend
1982,/E00168/dividend
5992,/E01405/dividend
2777,/E02961/dividend
7231,/E01230/dividend
1821,/E00085/dividend
8061,/E02512/dividend
7872,/E03281/dividend
8889,/E05174/dividend
7265,/E02232/dividend
3388,/E02992/dividend
8345,/E03543/dividend
8381,/E03583/dividend
4502,/E00919/dividend
7916,/E00696/dividend
8927,/E04024/dividend
6319,/E01289/dividend
7368,/E36464/dividend
6317,/E01584/dividend
7380,/E36703/dividend
9908,/E02749/dividend
1802,/E00055/dividend
8367,/E03580/dividend
7189,/E32447/dividend
4215,/E00823/dividend
6718,/E01849/dividend
1994,/E00222/dividend
9832,/E03138/dividend
8383,/E03582/dividend
7087,/E35470/dividend
4709,/E05017/dividend
7399,/E02447/dividend
3847,/E05687/dividend
6371,/E01578/dividend
7856,/E01053/dividend
9213,/E37304/dividend
6165,/E27063/dividend
3817,/E05640/dividend
5911,/E01355/dividend
2311,/E05293/dividend
2411,/E05417/dividend
6407,/E01909/dividend
8309,/E03611/dividend
3291,/E27759/dividend
4631,/E00901/dividend
7718,/E02302/dividend
8411,/E03615/dividend
6652,/E01951/dividend
5187,/E02416/dividend
8917,/E04013/dividend
3143,/E21832/dividend
6540,/E32796/dividend
3020,/E03472/dividend
6445,/E01595/dividend
5938,/E01317/dividend
7299,/E02225/dividend
1867,/E00179/dividend
7283,/E02162/dividend
6436,/E01590/dividend
4188,/E00808/dividend
1928,/E00143/dividend
7609,/E02898/dividend
5563,/E01256/dividend
1925,/E00048/dividend
4095,/E00898/dividend
7472,/E02833/dividend
9260,/E33381/dividend
6471,/E01600/dividend
2488,/E05593/dividend
4748,/E05069/dividend
8393,/E03597/dividend
7460,/E02825/dividend
8934,/E04031/dividend
9913,/E02752/dividend
1964,/E00119/dividend
1721,/E00322/dividend
5706,/E00024/dividend
7671,/E34476/dividend
6032,/E31103/dividend
8410,/E03623/dividend
6301,/E01532/dividend
7637,/E03332/dividend
4044,/E00769/dividend
7264,/E02234/dividend
7240,/E02176/dividend
8046,/E02616/dividend
5950,/E01421/dividend
9743,/E00208/dividend
9788,/E04934/dividend
6257,/E02488/dividend
5458,/E01275/dividend
8908,/E05313/dividend
7751,/E02274/dividend
5729,/E00026/dividend
6703,/E01767/dividend
8011,/E00593/dividend
5958,/E01409/dividend
4725,/E05036/dividend
3246,/E04075/dividend
1776,/E00272/dividend
9717,/E04834/dividend
6995,/E01898/dividend
8291,/E02544/dividend
6183,/E31896/dividend
1764,/E00282/dividend
8203,/E03103/dividend
8563,/E03674/dividend
7327,/E34113/dividend
4642,/E04955/dividend
9632,/E04599/dividend
2449,/E05498/dividend
7599,/E02892/dividend
1605,/E00043/dividend
3299,/E30649/dividend
7953,/E00912/dividend
6930,/E01848/dividend
4202,/E00818/dividend
8877,/E03977/dividend
3423,/E01298/dividend
6763,/E01782/dividend
8316,/E03614/dividend
4471,/E00884/dividend
9366,/E04353/dividend
8923,/E04021/dividend
2674,/E03361/dividend
7337,/E35810/dividend
7261,/E02163/dividend
8558,/E03640/dividend
1717,/E05377/dividend
3173,/E26290/dividend
7435,/E02011/dividend
3172,/E26322/dividend
3951,/E00714/dividend
5984,/E01437/dividend
6113,/E01486/dividend
3405,/E00876/dividend
3877,/E00649/dividend
7224,/E02252/dividend
1946,/E00076/dividend
6248,/E27530/dividend
1775,/E00273/dividend
7313,/E02380/dividend
8537,/E03645/dividend
8995,/E04049/dividend
6973,/E01619/dividend
6489,/E01672/dividend
4361,/E01006/dividend
2760,/E02955/dividend
9536,/E04523/dividend
7896,/E00633/dividend
7966,/E02394/dividend
4461,/E00885/dividend
3003,/E00523/dividend
7827,/E00639/dividend
9682,/E04861/dividend
6440,/E01596/dividend
7422,/E02794/dividend
8336,/E03555/dividend
2107,/E00354/dividend
9960,/E02769/dividend
1736,/E00304/dividend
7575,/E02881/dividend
9991,/E02782/dividend
4224,/E01103/dividend
1904,/E00233/dividend
5021,/E31632/dividend
5923,/E01373/dividend
5989,/E02222/dividend
7955,/E02406/dividend
9934,/E02761/dividend
7722,/E02335/dividend
7250,/E02178/dividend
4792,/E05135/dividend
8925,/E04023/dividend
6373,/E01580/dividend
2117,/E25648/dividend
4183,/E00840/dividend
5929,/E01385/dividend
8714,/E23250/dividend
6788,/E02333/dividend
7820,/E00640/dividend
4658,/E04973/dividend
3436,/E02103/dividend
6932,/E01986/dividend
9384,/E21799/dividend
5658,/E01287/dividend
6844,/E01887/dividend
6989,/E01817/dividend
3947,/E00668/dividend
4839,/E04427/dividend
9072,/E04191/dividend
7811,/E31924/dividend
7181,/E31755/dividend
8860,/E03953/dividend
4668,/E04981/dividend
2687,/E03372/dividend
5367,/E01188/dividend
6488,/E01683/dividend
6339,/E01541/dividend
7022,/E25662/dividend
3551,/E00996/dividend
3101,/E00525/dividend
3132,/E31167/dividend
9644,/E04887/dividend
3504,/E32204/dividend
8289,/E03132/dividend
3553,/E00994/dividend
8945,/E05505/dividend
4521,/E00935/dividend
6881,/E02035/dividend
2294,/E03283/dividend
7800,/E34028/dividend
8070,/E02527/dividend
9359,/E04330/dividend
9651,/E04873/dividend
9709,/E04841/dividend
8804,/E03859/dividend
2689,/E02928/dividend
5979,/E01448/dividend
9513,/E04510/dividend
5463,/E01253/dividend
1952,/E00227/dividend
5970,/E02228/dividend
7928,/E01031/dividend
6730,/E02077/dividend
6392,/E02180/dividend
7242,/E02147/dividend
1813,/E00097/dividend
9351,/E04321/dividend
3041,/E05597/dividend
6853,/E01921/dividend
1866,/E00175/dividend
5933,/E01430/dividend
3231,/E04060/dividend
2961,/E36991/dividend
3477,/E32793/dividend
5076,/E36723/dividend
6871,/E02030/dividend
2304,/E05288/dividend
7791,/E36627/dividend
6584,/E01753/dividend
7040,/E34097/dividend
8395,/E03599/dividend
5162,/E01115/dividend
6042,/E02171/dividend
3035,/E02995/dividend
7670,/E34470/dividend
8282,/E03128/dividend
6365,/E01544/dividend
3166,/E24536/dividend
1860,/E00147/dividend
6189,/E32156/dividend
8074,/E02525/dividend
6507,/E01743/dividend
7212,/E02229/dividend
9622,/E04902/dividend
6498,/E01660/dividend
8364,/E03572/dividend
4043,/E00768/dividend
3431,/E01461/dividend
7267,/E02166/dividend
3177,/E26821/dividend
8570,/E04912/dividend
6629,/E23871/dividend
8159,/E02678/dividend
8051,/E02560/dividend
9304,/E04286/dividend
8554,/E03670/dividend
9233,/E04275/dividend
1417,/E24558/dividend
8173,/E03052/dividend
7315,/E27671/dividend
8425,/E05426/dividend
2163,/E05717/dividend
5715,/E00032/dividend
9368,/E04357/dividend
8343,/E03546/dividend
1515,/E00036/dividend
7985,/E02385/dividend
4928,/E24991/dividend
8151,/E02672/dividend
3501,/E00574/dividend
4061,/E00774/dividend
5017,/E01082/dividend
9986,/E02779/dividend
6863,/E02411/dividend
7208,/E02248/dividend
9057,/E04209/dividend
2153,/E05706/dividend
3538,/E32181/dividend
8591,/E04762/dividend
5393,/E01151/dividend
3261,/E27046/dividend
7961,/E00621/dividend
1898,/E00176/dividend
6715,/E01827/dividend
6167,/E31594/dividend
6073,/E27303/dividend
4092,/E00784/dividend
4676,/E04462/dividend
3452,/E31024/dividend
6134,/E01495/dividend
3167,/E25165/dividend
5333,/E01137/dividend
8084,/E02518/dividend
9619,/E04904/dividend
2415,/E05428/dividend
7981,/E02373/dividend
3407,/E00877/dividend
